<?xml version="1.0" encoding="UTF-8"?>
<uptime xmlns:xsi="http://www.w3.org/2001/XMLSchema-instance" version="5.0" target_grouping="other">
    <class>AIX VIOS Monitor</class>
    <exec>com.uptimesoftware.uptime.erdc.MonitorCustomScriptRunner</exec>
    <erdc_version>0.1</erdc_version>
    <category>Operating System Monitors</category>
    <category_related>Advanced and Script Monitors</category_related>
    <grid_info>
        <supported_versions>7.3</supported_versions>
        <supported_platforms>windows, linux</supported_platforms>
        <upgrade_in_place>true</upgrade_in_place>
        <requires_agent_scripts>false</requires_agent_scripts>
    </grid_info>
    <elements>
        <element name="process_linux" parameter_type="input" data_type="string" gui_basic="1" range_type="0" hidden="true">
            <control_options> size:40 </control_options>
            <default_value>plugins/scripts/monitor-aix-vios/monitor.sh</default_value>
            <short_description>Script Name</short_description>
            <long_description>Name of the script/binary/process to be executed by up.time </long_description>
            <validation_rule>
                <alphanumeric/>
            </validation_rule>
            <error_message>
                <alphanumeric>required field</alphanumeric>
            </error_message>
            <gui_type>
                <string/>
            </gui_type>
        </element>
        <element name="process_windows" parameter_type="input" data_type="string" gui_basic="1" range_type="0" hidden="true">
            <control_options> size:40 </control_options>
            <default_value>plugins/scripts/monitor-aix-vios/monitor.bat</default_value>
            <short_description>Script Name</short_description>
            <long_description>Name of the script/binary/process to be executed by up.time </long_description>
            <validation_rule>
                <alphanumeric/>
            </validation_rule>
            <error_message>
                <alphanumeric>required field</alphanumeric>
            </error_message>
            <gui_type>
                <string/>
            </gui_type>
        </element>
        <element name="port" parameter_type="input" data_type="integer" gui_basic="1" range_type="0" hidden="false">
            <control_options> size:40 </control_options>
            <default_value>9998</default_value>
            <short_description>Agent Port</short_description>
            <long_description>Agent Port</long_description>
            <validation_rule>
                <alphanumeric/>
            </validation_rule>
            <error_message>
                <alphanumeric>required field</alphanumeric>
            </error_message>
            <gui_type>
                <integer/>
            </gui_type>
        </element>
        <element name="password" parameter_type="input" data_type="string" gui_basic="1" range_type="0" hidden="false">
            <control_options> size:40 </control_options>
            <default_value></default_value>
            <short_description>Agent Password</short_description>
            <long_description>Agent Password</long_description>
            <error_message>
                <alphanumeric>required field</alphanumeric>
            </error_message>
            <gui_type>
                <password />
            </gui_type>
        </element>
        <element name="read-KB" parameter_type="output" data_type="ranged" gui_basic="1" units="KBps" range_type="0">
            <control_options>size:10</control_options>
            <default_value/>
            <short_description>Read</short_description>
            <long_description>Read KBps</long_description>
            <validation_rule/>
            <error_message/>
            <gui_type>
                <decimal/>
            </gui_type>
        </element>
        <element name="write-KB" parameter_type="output" data_type="ranged" gui_basic="1" units="KBps" range_type="0">
            <control_options>size:10</control_options>
            <default_value/>
            <short_description>Write</short_description>
            <long_description>Write KBps</long_description>
            <validation_rule/>
            <error_message/>
            <gui_type>
                <decimal/>
            </gui_type>
        </element>
        <element name="xfer-tps" parameter_type="output" data_type="ranged" gui_basic="1" units="tps" range_type="0">
            <control_options>size:10</control_options>
            <default_value/>
            <short_description>xfer-tps</short_description>
            <long_description>xfer-tps</long_description>
            <validation_rule/>
            <error_message/>
            <gui_type>
                <decimal/>
            </gui_type>
        </element>
        <element name="Block-Size" parameter_type="output" data_type="ranged" gui_basic="1" units="kb" range_type="0">
            <control_options>size:10</control_options>
            <default_value/>
            <short_description>Block Size</short_description>
            <long_description>Block Size</long_description>
            <validation_rule/>
            <error_message/>
            <gui_type>
                <decimal/>
            </gui_type>
        </element>
        <element name="timer" parameter_type="output" data_type="integer" gui_basic="0"
            range_type="0" units="ms">
            <control_options>size:8</control_options>
            <default_value/>
            <short_description>Response time</short_description>
            <long_description>Response time in ms</long_description>
            <validation_rule/>
            <error_message/>
            <gui_type>
                <integer/>
            </gui_type>
        </element>
    </elements>
    <help>Monitor AIX Virtual I/O Usage Metrics </help>
</uptime>
